{"stats":{"minecraft:mined":{"minecraft:grass":1},"minecraft:picked_up":{"minecraft:crossbow":1,"minecraft:arrow":16,"minecraft:golden_apple":4,"minecraft:gold_ingot":4,"minecraft:enchanted_golden_apple":1,"minecraft:netherite_pickaxe":1},"minecraft:used":{"minecraft:egg":20},"minecraft:custom":{"minecraft:jump":8,"minecraft:time_since_rest":1467,"minecraft:leave_game":1,"minecraft:sprint_one_cm":335,"minecraft:crouch_one_cm":3,"minecraft:play_time":1467,"minecraft:time_since_death":1467,"minecraft:walk_one_cm":724,"minecraft:sneak_time":69,"minecraft:total_world_time":1467,"minecraft:fly_one_cm":18134}},"DataVersion":3465}