{
	"level_seeds": [
		{
			"dim": "supreme_mining_dimension:shifted_sands",
			"seed": -2938245461172460491
		},
		{
			"dim": "aoa3:precasia_backup",
			"seed": -2938245461172460491
		},
		{
			"dim": "ad_astra:venus",
			"seed": -2938245461172460491
		},
		{
			"dim": "supreme_mining_dimension:nether_island",
			"seed": -2938245461172460491
		},
		{
			"dim": "ad_astra:glacio_orbit",
			"seed": -2938245461172460491
		},
		{
			"dim": "minecraft:the_end",
			"seed": -2938245461172460491
		},
		{
			"dim": "blue_skies:everbright",
			"seed": -2938245461172460491
		},
		{
			"dim": "shadowlands:blood_forest",
			"seed": -2938245461172460491
		},
		{
			"dim": "ad_astra_proxima_plus:proxima_b_orbit",
			"seed": -2938245461172460491
		},
		{
			"dim": "shadowlands:glowshroom_forest",
			"seed": -2938245461172460491
		},
		{
			"dim": "the_bumblezone:the_bumblezone",
			"seed": -2938245461172460491
		},
		{
			"dim": "ad_extendra:jupiter",
			"seed": -2938245461172460491
		},
		{
			"dim": "the_deep_void:deep_void",
			"seed": -2938245461172460491
		},
		{
			"dim": "dimdungeons:dungeon_dimension",
			"seed": -2938245461172460491
		},
		{
			"dim": "supreme_mining_dimension:caverns",
			"seed": -2938245461172460491
		},
		{
			"dim": "minecraft:the_nether",
			"seed": -2938245461172460491
		},
		{
			"dim": "undergarden:undergarden",
			"seed": -2938245461172460491
		},
		{
			"dim": "ad_astra_proxima_plus:proxima_c",
			"seed": -2938245461172460491
		},
		{
			"dim": "dimdungeons:build_dimension",
			"seed": -2938245461172460491
		},
		{
			"dim": "supreme_mining_dimension:false_overworld_dimension",
			"seed": -2938245461172460491
		},
		{
			"dim": "supreme_mining_dimension:underground_dimension",
			"seed": -2938245461172460491
		},
		{
			"dim": "good_nights_sleep:dream",
			"seed": -2938245461172460491
		},
		{
			"dim": "ad_astra_proxima_plus:proxima_d",
			"seed": -2938245461172460491
		},
		{
			"dim": "aoa3:precasia",
			"seed": -2938245461172460491
		},
		{
			"dim": "shadowlands:shadow_forest",
			"seed": -2938245461172460491
		},
		{
			"dim": "astral_dimension:astral_dimension",
			"seed": -2938245461172460491
		},
		{
			"dim": "mythicbotany:alfheim",
			"seed": -2938245461172460491
		},
		{
			"dim": "tropicraft:tropics",
			"seed": -2938245461172460491
		},
		{
			"dim": "deeperdarker:otherside",
			"seed": -2938245461172460491
		},
		{
			"dim": "good_nights_sleep:nightmare",
			"seed": -2938245461172460491
		},
		{
			"dim": "mining_dimension:mining",
			"seed": -2938245461172460491
		},
		{
			"dim": "ad_astra_proxima_plus:proxima_asteroid_belt_orbit",
			"seed": -2938245461172460491
		},
		{
			"dim": "ad_astra_proxima_plus:proxima_asteroid_belt",
			"seed": -2938245461172460491
		},
		{
			"dim": "ad_astra:venus_orbit",
			"seed": -2938245461172460491
		},
		{
			"dim": "ad_astra_proxima_plus:proxima_c_orbit",
			"seed": -2938245461172460491
		},
		{
			"dim": "supreme_mining_dimension:ender_caves",
			"seed": -2938245461172460491
		},
		{
			"dim": "blue_skies:everdawn",
			"seed": -2938245461172460491
		},
		{
			"dim": "supreme_mining_dimension:defined_void",
			"seed": -2938245461172460491
		},
		{
			"dim": "aoa3:deeplands",
			"seed": -2938245461172460491
		},
		{
			"dim": "ad_astra_proxima_plus:vicino_orbit",
			"seed": -2938245461172460491
		},
		{
			"dim": "twilightforest:twilight_forest",
			"seed": -2938245461172460491
		},
		{
			"dim": "ad_astra_proxima_plus:proxima_d_orbit",
			"seed": -2938245461172460491
		},
		{
			"dim": "ad_astra:mercury_orbit",
			"seed": -2938245461172460491
		},
		{
			"dim": "aoa3:lelyetia",
			"seed": -2938245461172460491
		},
		{
			"dim": "aoa3:barathos",
			"seed": -2938245461172460491
		},
		{
			"dim": "aoa3:nowhere",
			"seed": -2938245461172460491
		},
		{
			"dim": "supreme_mining_dimension:strange_forests",
			"seed": -2938245461172460491
		},
		{
			"dim": "ad_astra:glacio",
			"seed": -2938245461172460491
		},
		{
			"dim": "ad_astra:mercury",
			"seed": -2938245461172460491
		},
		{
			"dim": "ad_astra:mars",
			"seed": -2938245461172460491
		},
		{
			"dim": "ad_astra_proxima_plus:vicino",
			"seed": -2938245461172460491
		},
		{
			"dim": "ad_astra:moon_orbit",
			"seed": -2938245461172460491
		},
		{
			"dim": "distant_worlds:garhenna",
			"seed": -2938245461172460491
		},
		{
			"dim": "ad_astra_proxima_plus:normalplanet",
			"seed": -2938245461172460491
		},
		{
			"dim": "ad_astra_proxima_plus:proxima_b",
			"seed": -2938245461172460491
		},
		{
			"dim": "ad_astra:moon",
			"seed": -2938245461172460491
		},
		{
			"dim": "aoa3:lborean",
			"seed": -2938245461172460491
		},
		{
			"dim": "ad_astra:mars_orbit",
			"seed": -2938245461172460491
		},
		{
			"dim": "shadowlands:vellium",
			"seed": -2938245461172460491
		},
		{
			"dim": "minecraft:overworld",
			"seed": -2938245461172460491
		},
		{
			"dim": "ad_extendra:ceres",
			"seed": -2938245461172460491
		},
		{
			"dim": "aether:the_aether",
			"seed": -2938245461172460491
		},
		{
			"dim": "supreme_mining_dimension:deep_caverns",
			"seed": -2938245461172460491
		},
		{
			"dim": "ad_astra:earth_orbit",
			"seed": -2938245461172460491
		}
	],
	"structure_seeds": [
		{
			"dim": "supreme_mining_dimension:shifted_sands",
			"seed": -2938245461172460491
		},
		{
			"dim": "aoa3:precasia_backup",
			"seed": -2938245461172460491
		},
		{
			"dim": "ad_astra:venus",
			"seed": -2938245461172460491
		},
		{
			"dim": "supreme_mining_dimension:nether_island",
			"seed": -2938245461172460491
		},
		{
			"dim": "ad_astra:glacio_orbit",
			"seed": -2938245461172460491
		},
		{
			"dim": "minecraft:the_end",
			"seed": -2938245461172460491
		},
		{
			"dim": "blue_skies:everbright",
			"seed": -2938245461172460491
		},
		{
			"dim": "shadowlands:blood_forest",
			"seed": -2938245461172460491
		},
		{
			"dim": "ad_astra_proxima_plus:proxima_b_orbit",
			"seed": -2938245461172460491
		},
		{
			"dim": "shadowlands:glowshroom_forest",
			"seed": -2938245461172460491
		},
		{
			"dim": "the_bumblezone:the_bumblezone",
			"seed": -2938245461172460491
		},
		{
			"dim": "ad_extendra:jupiter",
			"seed": -2938245461172460491
		},
		{
			"dim": "the_deep_void:deep_void",
			"seed": -2938245461172460491
		},
		{
			"dim": "dimdungeons:dungeon_dimension",
			"seed": -2938245461172460491
		},
		{
			"dim": "supreme_mining_dimension:caverns",
			"seed": -2938245461172460491
		},
		{
			"dim": "minecraft:the_nether",
			"seed": -2938245461172460491
		},
		{
			"dim": "undergarden:undergarden",
			"seed": -2938245461172460491
		},
		{
			"dim": "ad_astra_proxima_plus:proxima_c",
			"seed": -2938245461172460491
		},
		{
			"dim": "dimdungeons:build_dimension",
			"seed": -2938245461172460491
		},
		{
			"dim": "supreme_mining_dimension:false_overworld_dimension",
			"seed": -2938245461172460491
		},
		{
			"dim": "supreme_mining_dimension:underground_dimension",
			"seed": -2938245461172460491
		},
		{
			"dim": "good_nights_sleep:dream",
			"seed": -2938245461172460491
		},
		{
			"dim": "ad_astra_proxima_plus:proxima_d",
			"seed": -2938245461172460491
		},
		{
			"dim": "aoa3:precasia",
			"seed": -2938245461172460491
		},
		{
			"dim": "shadowlands:shadow_forest",
			"seed": -2938245461172460491
		},
		{
			"dim": "astral_dimension:astral_dimension",
			"seed": -2938245461172460491
		},
		{
			"dim": "mythicbotany:alfheim",
			"seed": -2938245461172460491
		},
		{
			"dim": "tropicraft:tropics",
			"seed": -2938245461172460491
		},
		{
			"dim": "deeperdarker:otherside",
			"seed": -2938245461172460491
		},
		{
			"dim": "good_nights_sleep:nightmare",
			"seed": -2938245461172460491
		},
		{
			"dim": "mining_dimension:mining",
			"seed": -2938245461172460491
		},
		{
			"dim": "ad_astra_proxima_plus:proxima_asteroid_belt_orbit",
			"seed": -2938245461172460491
		},
		{
			"dim": "ad_astra_proxima_plus:proxima_asteroid_belt",
			"seed": -2938245461172460491
		},
		{
			"dim": "ad_astra:venus_orbit",
			"seed": -2938245461172460491
		},
		{
			"dim": "ad_astra_proxima_plus:proxima_c_orbit",
			"seed": -2938245461172460491
		},
		{
			"dim": "supreme_mining_dimension:ender_caves",
			"seed": -2938245461172460491
		},
		{
			"dim": "blue_skies:everdawn",
			"seed": -2938245461172460491
		},
		{
			"dim": "supreme_mining_dimension:defined_void",
			"seed": -2938245461172460491
		},
		{
			"dim": "aoa3:deeplands",
			"seed": -2938245461172460491
		},
		{
			"dim": "ad_astra_proxima_plus:vicino_orbit",
			"seed": -2938245461172460491
		},
		{
			"dim": "twilightforest:twilight_forest",
			"seed": -2938245461172460491
		},
		{
			"dim": "ad_astra_proxima_plus:proxima_d_orbit",
			"seed": -2938245461172460491
		},
		{
			"dim": "ad_astra:mercury_orbit",
			"seed": -2938245461172460491
		},
		{
			"dim": "aoa3:lelyetia",
			"seed": -2938245461172460491
		},
		{
			"dim": "aoa3:barathos",
			"seed": -2938245461172460491
		},
		{
			"dim": "aoa3:nowhere",
			"seed": -2938245461172460491
		},
		{
			"dim": "supreme_mining_dimension:strange_forests",
			"seed": -2938245461172460491
		},
		{
			"dim": "ad_astra:glacio",
			"seed": -2938245461172460491
		},
		{
			"dim": "ad_astra:mercury",
			"seed": -2938245461172460491
		},
		{
			"dim": "ad_astra:mars",
			"seed": -2938245461172460491
		},
		{
			"dim": "ad_astra_proxima_plus:vicino",
			"seed": -2938245461172460491
		},
		{
			"dim": "ad_astra:moon_orbit",
			"seed": -2938245461172460491
		},
		{
			"dim": "distant_worlds:garhenna",
			"seed": -2938245461172460491
		},
		{
			"dim": "ad_astra_proxima_plus:normalplanet",
			"seed": -2938245461172460491
		},
		{
			"dim": "ad_astra_proxima_plus:proxima_b",
			"seed": -2938245461172460491
		},
		{
			"dim": "ad_astra:moon",
			"seed": -2938245461172460491
		},
		{
			"dim": "aoa3:lborean",
			"seed": -2938245461172460491
		},
		{
			"dim": "ad_astra:mars_orbit",
			"seed": -2938245461172460491
		},
		{
			"dim": "shadowlands:vellium",
			"seed": -2938245461172460491
		},
		{
			"dim": "minecraft:overworld",
			"seed": -2938245461172460491
		},
		{
			"dim": "ad_extendra:ceres",
			"seed": -2938245461172460491
		},
		{
			"dim": "aether:the_aether",
			"seed": -2938245461172460491
		},
		{
			"dim": "supreme_mining_dimension:deep_caverns",
			"seed": -2938245461172460491
		},
		{
			"dim": "ad_astra:earth_orbit",
			"seed": -2938245461172460491
		}
	]
}